molecule_chembl_id,canonical_smiles,standard_value,target
CHEMBL177598,O=C(Nc1ccc(CCc2ccc(O)c(O)c2)cc1)c1ccc(Cl)cc1O,400.0,active
CHEMBL175216,Cc1ccc(C(=O)Nc2ccc(CCc3ccc(O)c(O)c3)cc2)c(O)c1,400.0,active
CHEMBL52,CC(Cc1ccc(O)c(O)c1)C(C)Cc1ccc(O)c(O)c1,4900.0,intermediate
CHEMBL176728,O=C(Nc1ccc(CCc2ccc(O)c(O)c2)cc1)c1ccc(-c2ccccc2)cc1O,25000.0,inactive
CHEMBL172429,COc1cc(CCc2ccc(NC(=O)c3ccc(C)cc3O)cc2)ccc1O,25000.0,inactive
CHEMBL176923,O=C(O)c1ccccc1-c1cccc(C(=O)Nc2ccc(CCc3ccc(O)c(O)c3)cc2)c1O,25000.0,inactive
CHEMBL177098,Cc1ccc(C(=O)N(C)c2ccc(CCc3ccc(O)c(O)c3)cc2)c(O)c1,5000.0,intermediate
CHEMBL367410,O=C(Nc1ccc(CCc2ccc(O)c(O)c2)cc1)c1ccccc1O,300.0,active
CHEMBL177100,O=C(Nc1ccc(CCCCc2ccc(O)c(O)c2)cc1)c1ccccc1O,300.0,active
CHEMBL175315,COc1ccc(CCc2ccc(NC(=O)c3ccccc3O)cc2)cc1OC,25000.0,inactive
CHEMBL176689,O=C(Nc1ccc(CCCc2ccc(O)c(O)c2)cc1)c1ccccc1O,300.0,active
CHEMBL177171,O=C(Nc1ccc(CCc2ccc(O)c(O)c2)cc1)c1ccc(O)cc1O,5000.0,intermediate
CHEMBL173802,O=C(Nc1ccc(CCc2ccc(O)c(O)c2)cc1)c1cc(Br)ccc1O,1500.0,intermediate
CHEMBL177055,O=C(Nc1ccc(CCc2ccc(O)c(O)c2)cc1)c1cccc(Cl)c1O,1200.0,intermediate
CHEMBL413350,O=C(Nc1ccc(CCc2ccc(O)c(O)c2)cc1)c1ccc2ccccc2c1O,400.0,active
CHEMBL176634,O=C(O)c1cccc(C(=O)Nc2ccc(CCc3ccc(O)c(O)c3)cc2)c1O,25000.0,inactive
CHEMBL173368,O=C(Nc1ccc(CCc2ccc(O)c(O)c2)cc1)c1c(O)ccc2ccccc12,600.0,active
CHEMBL92212,CCc1cc(O)c(O)cc1C[C@@H](C)[C@@H](C)Cc1cc(O)c(O)cc1CC,160.0,active
CHEMBL88952,C[C@H](Cc1ccc(O)c(O)c1)[C@@H](C)Cc1ccc2c(c1)OC(C)(C)O2,85.0,active
CHEMBL92359,C[C@H](Cc1cc(O)c(O)cc1[N+](=O)[O-])[C@@H](C)Cc1cc(O)c(O)cc1[N+](=O)[O-],350.0,active
CHEMBL89275,CC(=O)c1cc(O)c(O)cc1C[C@@H](C)[C@@H](C)Cc1cc(O)c(O)cc1C(C)=O,380.0,active
CHEMBL89283,C[C@H](Cc1cc(O)c(O)cc1Br)[C@@H](C)Cc1cc(O)c(O)cc1Br,83.0,active
CHEMBL316139,COc1cc(C[C@@H](C)[C@@H](C)Cc2ccc(O)c(O)c2)ccc1O,250.0,active
CHEMBL7660,O=C1CCN(c2ccccc2)N1,420.0,active
CHEMBL91531,COc1ccc(C[C@@H](C)[C@@H](C)Cc2ccc(O)c(O)c2)cc1OC,580.0,active
CHEMBL314941,C[C@H](Cc1cc(O)c(O)cc1Cl)[C@@H](C)Cc1cc(O)c(O)cc1Cl,65.0,active
CHEMBL81848,O=C(CCc1ccc(NC(=O)c2ccccc2O)cc1)Nc1ccc(O)c(O)c1,1450.0,intermediate
CHEMBL79402,O=C(Nc1ccc(NC(=O)c2ccccc2O)cc1)Nc1ccc(O)c(O)c1,1510.0,intermediate
CHEMBL79109,O=C(Nc1ccc(/N=C(\S)Nc2ccc(O)c(O)c2)cc1)c1ccccc1O,1950.0,intermediate
CHEMBL81583,O=C(CCc1cccc(NC(=O)c2ccccc2O)c1)Nc1ccc(O)c(O)c1,1670.0,intermediate
CHEMBL420775,O=C(/C=C/c1ccc(NC(=O)c2ccccc2O)cc1)Nc1ccc(O)c(O)c1,1470.0,intermediate
CHEMBL421710,O=C(Nc1ccc(O)c(O)c1)c1ccc(NC(=O)c2ccccc2O)cc1,1270.0,intermediate
CHEMBL79275,O=C(Nc1ccc(O)c(O)c1)c1ccc(NCc2ccccc2O)cc1,1010.0,intermediate
CHEMBL17815,CCCc1cc(Cl)c2oc(Cc3ccc(OC)cc3)c(C)c2c1O,40000.0,inactive
CHEMBL157082,CCOC(=O)c1c2cccccc-2c2c(OCC)oc(=O)c(C#N)c12,24200.0,inactive
CHEMBL274642,NC1=NN(c2cccc(C(F)(F)F)c2)CC1,213000.0,inactive
CHEMBL186007,Oc1ccccc1Br,100000.0,inactive
CHEMBL185651,Oc1cccc(Br)c1,100000.0,inactive
CHEMBL57284,Oc1ccc(Br)cc1,55000.0,inactive
CHEMBL184410,OCc1ccc(Br)cc1,100000.0,inactive
CHEMBL187292,CCOc1ccc(Br)cc1,100000.0,inactive
CHEMBL186858,Oc1ccc(Br)cc1Br,34000.0,inactive
CHEMBL111507,Oc1c(Br)cccc1Br,100000.0,inactive
CHEMBL185893,CC(Cc1ccc(O)c(O)c1)[C@H](C)Cc1ccc(O)c(O)c1,110.0,active
CHEMBL362761,Oc1c(Br)c(Br)c(Br)c(Br)c1Oc1ccc(Br)cc1Br,1800.0,intermediate
CHEMBL186098,Oc1c(Br)cc(Br)c(Br)c1Oc1ccc(Br)cc1Br,5000.0,intermediate
CHEMBL186099,COc1cc(Br)cc(Br)c1Oc1cc(Br)cc(Br)c1O,10000.0,inactive
CHEMBL150098,Oc1c(Br)cc(Br)cc1Oc1c(O)c(Br)c(Br)c(Br)c1Br,790.0,active
CHEMBL148503,Oc1c(Br)cc(Br)cc1Oc1c(Br)cc(Br)c(Br)c1O,2200.0,intermediate
CHEMBL187472,Oc1ccc(Br)cc1Oc1c(O)ccc(Br)c1Br,11000.0,inactive
CHEMBL185753,Oc1cc(Br)cc2c1Oc1cc(Br)cc(Br)c1O2,800.0,active
CHEMBL185828,Oc1cc(Br)c(Br)c2c1Oc1cc(Br)cc(Br)c1O2,900.0,active
CHEMBL184398,CC(C)(c1ccc(O)c(Br)c1)c1cc(Br)c(O)c(Br)c1,5000.0,intermediate
CHEMBL184450,CC(C)(c1cc(Br)c(O)c(Br)c1)c1cc(Br)c(O)c(Br)c1,4000.0,intermediate
CHEMBL186752,O=C(N/C=C/c1ccc(O)c(Br)c1)/C(Cc1cc(Br)c(O)c(Oc2c(Br)cc(C/C(=N\O)C(=O)NCCc3ccc(O)c(Br)c3)cc2Br)c1)=N/O,2000.0,intermediate
CHEMBL360190,O=C1N/C=C/c2ccc(c(Br)c2)Oc2cc(cc(Br)c2O)CCNC(=O)/C(=N/O)Cc2ccc(c(Br)c2)Oc2cc(cc(Br)c2O)C/C1=N\O,4000.0,intermediate
CHEMBL202034,Cc1c(Cl)cccc1NC(=O)CSCc1ccccc1,50000.0,inactive
CHEMBL202698,COc1ccccc1N1CCN(C(=O)CCCCC(=O)N2CCN(c3ccccc3OC)CC2)CC1,100000.0,inactive
CHEMBL204926,CCOC(=O)C1CCN(CCC(=O)Nc2cc(C)cc(C)c2)CC1,100000.0,inactive
CHEMBL204917,O=C(CSc1nnc2ccc3ccccc3n12)NCCc1ccccc1,100000.0,inactive
CHEMBL201368,Cc1ccc(CNC(=O)C(C)Oc2cccc(Cl)c2)cc1,100000.0,inactive
CHEMBL370583,CCOc1ccc(C(=O)Nc2ccccc2N2CCCC2)cc1Cl,50000.0,inactive
CHEMBL201969,Cc1cccc(C(=N)NOC(=O)c2ccc(C)cc2Cl)c1,6800.0,intermediate
CHEMBL202560,Cc1cc(Cl)ccc1OCC(=O)Nc1cc(C(C)C)ccc1O,200000.0,inactive
CHEMBL201191,CCOC(=O)c1ccccc1NC(=O)CCCc1ccccc1,50000.0,inactive
CHEMBL378602,Nc1sc2c(c1C(=O)Nc1cccc(Cl)c1)CCCC2,18800.0,inactive
CHEMBL202482,COc1ccccc1COc1cc(C)cc2oc(=O)cc(-c3ccccc3)c12,100000.0,inactive
CHEMBL201812,O=C(COc1ccccc1)NC(=S)Nc1ccc(Cc2ccncc2)cc1,100000.0,inactive
CHEMBL381149,CCc1cc(-c2[nH]ncc2Oc2ccccc2)c(O)cc1O,9200.0,intermediate
CHEMBL202582,Cc1ccccc1C(=O)Nc1cccc(NC(=O)c2cccs2)c1,50000.0,inactive
CHEMBL370234,CCCC(=O)Nc1ccc(Cl)c(NC(=O)c2cc3ccccc3o2)c1,100000.0,inactive
CHEMBL383552,COc1ccc(Cl)cc1NC(=O)c1oc2ccccc2c1C,100000.0,inactive
CHEMBL381113,COc1ccccc1C(=O)Nc1cccc(NC(=O)c2cccs2)c1,50000.0,inactive
CHEMBL202533,Cc1cc(CSc2ccccc2)ccc1NC(=O)c1ccccc1Cl,100000.0,inactive
CHEMBL202366,O=C(NCc1ccccc1)c1cccc(COc2ccc3c(c2)CCC3)c1,100000.0,inactive
CHEMBL383793,O=C(NCCc1ccccc1)c1cccc(C(=O)NCCc2ccccc2)n1,100000.0,inactive
CHEMBL608,CC(C)(Sc1cc(C(C)(C)C)c(O)c(C(C)(C)C)c1)Sc1cc(C(C)(C)C)c(O)c(C(C)(C)C)c1,14000.0,inactive
CHEMBL104500,CC(C)(Sc1cc(C(C)(C)C)c(OCC(=O)O)c(C(C)(C)C)c1)Sc1ccc(C(C)(C)C)c(OCC(=O)O)c1C(C)(C)C,125000.0,inactive
CHEMBL222911,CC(C)(Sc1cc(C(C)(C)C)c(O)c(C(C)(C)C)c1)Sc1ccc(C(C)(C)C)c(OC[C@@H](O)[C@@H](O)[C@H](O)[C@@H](O)CO)c1C(C)(C)C,12000.0,inactive
CHEMBL414731,CC(C)(Sc1cc(C(C)(C)C)c(O)c(C(C)(C)C)c1)Sc1ccc(C(C)(C)C)c(OC[C@H]2OC(O)[C@H](O)[C@@H](O)[C@@H]2O)c1C(C)(C)C,10000.0,inactive
CHEMBL1162945,CC(C)(Sc1cc(C(C)(C)C)c(O)c(C(C)(C)C)c1)Sc1ccc(C(C)(C)C)c(OC[C@@H](O)[C@H](O)CO)c1C(C)(C)C,15000.0,inactive
CHEMBL221679,CC(C)(Sc1cc(C(C)(C)C)c(O)c(C(C)(C)C)c1)Sc1ccc(C(C)(C)C)c(OC[C@H](O)[C@@H](O)CO)c1C(C)(C)C,17000.0,inactive
CHEMBL323197,COc1c(O)cc2oc3cc(O)c(CC=C(C)C)c(O)c3c(=O)c2c1CC=C(C)C,3100.0,intermediate
CHEMBL392270,C[C@H](c1nccs1)N(C)C(=O)[C@H](C[C@H](C)C(Cl)(Cl)Cl)NC(=O)C[C@H](C)C(Cl)(Cl)Cl,500000.0,inactive
CHEMBL397803,COc1cc(C)cc2c(-c3c(O)cc(O)c4c3C[C@@H](C)N[C@@H]4C)cc(-c3ccc4c(-c5c(O)cc(O)c6c5C[C@@H](C)N[C@@H]6C)c(C)cc(OC)c4c3O)c(O)c12,7600.0,intermediate
CHEMBL222808,O=C(O)c1cc(C(=O)C(=O)c2cc(C(=O)O)c(O)c3ccccc23)c2ccccc2c1O,25000.0,inactive
CHEMBL238624,Oc1c(Cl)cc(C(c2cc(Cl)c(O)c(Cl)c2)C(c2cc(Cl)c(O)c(Cl)c2)c2cc(Cl)c(O)c(Cl)c2)cc1Cl,9400.0,intermediate
CHEMBL246361,Oc1cc2c(cc1O)C(c1ccccc1)CCC2,38600.0,inactive
CHEMBL245952,Oc1ccc(CCCCc2ccc(O)c(O)c2)cc1O,3900.0,intermediate
CHEMBL245547,COc1ccc(CCCCc2ccc(O)c(O)c2)cc1,15000.0,inactive
CHEMBL245349,Oc1ccc(CCCCc2ccc(Cl)c(Cl)c2)cc1O,33600.0,inactive
CHEMBL392589,Oc1ccc(CCCCc2ccc(Cl)cc2)cc1O,15000.0,inactive
CHEMBL263104,Oc1ccc(CCCCc2ccc(O)c(O)c2)cc1,9400.0,intermediate
CHEMBL245942,Cc1ccc(CCCCc2ccc(O)c(O)c2)cc1,21600.0,inactive
CHEMBL442420,Oc1ccc(CCCCc2ccccc2)cc1O,7300.0,intermediate
CHEMBL50,O=c1c(O)c(-c2ccc(O)c(O)c2)oc2cc(O)cc(O)c12,2200.0,intermediate
CHEMBL239053,COc1ccc(C2COc3c(ccc(O)c3O)C2)cc1OC,100000.0,inactive
CHEMBL239032,O=C1c2cc(O)c(O)cc2OCC1c1ccc(O)cc1,100000.0,inactive
CHEMBL239030,O=c1c(-c2ccc3c(c2)OCO3)coc2cc(O)c(O)cc12,100000.0,inactive
CHEMBL238821,O=c1c(-c2ccc([N+](=O)[O-])c(O)c2)coc2cc(O)c(O)cc12,100000.0,inactive
CHEMBL239028,COc1ccc(-c2coc3cc(O)c(O)cc3c2=O)cc1,100000.0,inactive
CHEMBL241794,CCCCCc1oc2ccccc2c(=O)c1O,100000.0,inactive
CHEMBL239023,CC(C)(C)c1oc2ccccc2c(=O)c1O,100000.0,inactive
CHEMBL239022,CC(C)Cc1oc2ccccc2c(=O)c1O,100000.0,inactive
CHEMBL394258,CC(C)c1oc2ccccc2c(=O)c1O,100000.0,inactive
CHEMBL238816,CCCc1oc2ccccc2c(=O)c1O,100000.0,inactive
CHEMBL238815,CCc1oc2ccccc2c(=O)c1O,100000.0,inactive
CHEMBL238814,O=c1cc(-c2ccccc2)oc2cc3c(cc12)OCO3,100000.0,inactive
CHEMBL238813,CC(C)Cc1cc(=O)c2cc3c(cc2o1)OCO3,100000.0,inactive
CHEMBL238812,CC(C)(C)c1cc(=O)c2cc3c(cc2o1)OCO3,100000.0,inactive
CHEMBL241366,CCCCCc1cc(=O)c2ccc(O)cc2o1,100000.0,inactive
CHEMBL241365,CC(C)(C)c1cc(=O)c2ccc(O)cc2o1,100000.0,inactive
CHEMBL396673,CC(C)Cc1cc(=O)c2ccc(O)cc2o1,100000.0,inactive
CHEMBL241364,CC(C)c1cc(=O)c2ccc(O)cc2o1,100000.0,inactive
CHEMBL241363,CCCc1cc(=O)c2ccc(O)cc2o1,100000.0,inactive
CHEMBL147999,CC(C)(C)c1cc(=O)c2cc(O)ccc2o1,100000.0,inactive
CHEMBL395115,CC(C)Cc1cc(=O)c2cc(O)ccc2o1,100000.0,inactive
CHEMBL240713,CC(C)c1cc(=O)c2cc(O)ccc2o1,100000.0,inactive
CHEMBL240505,CCCc1cc(=O)c2cc(O)ccc2o1,100000.0,inactive
CHEMBL394459,CCc1cc(=O)c2cc(O)ccc2o1,100000.0,inactive
CHEMBL210276,O=c1c(O)c(-c2ccccc2)oc2cc(O)ccc12,100000.0,inactive
CHEMBL210411,O=c1c(O)c(-c2ccccc2)oc2ccc(O)cc12,100000.0,inactive
CHEMBL276915,O=c1cc(-c2ccccc2)oc2cc(O)ccc12,100000.0,inactive
CHEMBL138649,O=c1cc(-c2ccccc2)oc2ccc(O)cc12,100000.0,inactive
CHEMBL391342,Cc1ccc(C2COc3c(ccc(O)c3O)C2)cc1,3700.0,intermediate
CHEMBL391341,COc1ccc(C2COc3c(ccc(O)c3O)C2)cc1,5700.0,intermediate
CHEMBL238844,O=c1c(-c2cccc(C(F)(F)F)c2)coc2c(O)c(O)ccc12,8300.0,intermediate
CHEMBL238843,Cc1cccc(-c2coc3c(O)c(O)ccc3c2=O)c1,11000.0,inactive
CHEMBL241815,O=c1c(-c2cccc(Cl)c2)coc2c(O)c(O)ccc12,6200.0,intermediate
CHEMBL241814,O=c1c(-c2ccc(Cl)cc2)coc2c(O)c(O)ccc12,9000.0,intermediate
CHEMBL241813,O=c1c(-c2ccccc2)coc2c(O)c(O)ccc12,13000.0,inactive
CHEMBL395449,Cc1ccc(-c2coc3c(O)c(O)ccc3c2=O)cc1,7800.0,intermediate
CHEMBL239893,Cc1cccc(C2COc3cc(O)c(O)cc3C2)c1,210.0,active
CHEMBL239677,Oc1cc2c(cc1O)OCC(c1ccc3c(c1)OCO3)C2,350.0,active
CHEMBL8328,Oc1ccc(C2COc3cc(O)c(O)cc3C2)cc1,510.0,active
CHEMBL239247,COc1ccc(C2COc3cc(O)c(O)cc3C2)cc1,150.0,active
CHEMBL239033,Cc1cccc(C2COc3cc(O)c(O)cc3C2=O)c1,210.0,active
CHEMBL239031,COc1ccc(C2COc3cc(O)c(O)cc3C2=O)cc1,19000.0,inactive
CHEMBL239156,O=c1c(-c2ccc(O)cc2)coc2cc(O)c(O)cc12,49000.0,inactive
CHEMBL394257,CC(C)(C)c1cc(=O)c2cc(O)c(O)cc2o1,18000.0,inactive
CHEMBL395346,CCCCCc1cc(=O)c2cc(O)ccc2o1,38000.0,inactive
CHEMBL239276,O=c1c(O)c(-c2ccccc2)oc2cccc(O)c12,3300.0,intermediate
CHEMBL294009,O=c1c(O)c(-c2ccccc2)oc2ccccc12,73000.0,inactive
CHEMBL8260,O=c1cc(-c2ccccc2)oc2cc(O)c(O)c(O)c12,9100.0,intermediate
CHEMBL31574,O=c1c(O)c(-c2ccc(O)c(O)c2)oc2cc(O)ccc12,1400.0,intermediate
CHEMBL258224,Oc1cc(Br)cc(Br)c1Oc1ccc(Br)cc1Br,15000.0,inactive
CHEMBL464577,Oc1cc(Br)c(Br)c(Br)c1Oc1ccc(Br)cc1Br,7400.0,intermediate
CHEMBL462942,Oc1c(Oc2ccc(Br)cc2Br)cc(Br)c(Br)c1Br,7400.0,intermediate
CHEMBL465615,CO[C@H]1C[C@]2(O)C(=O)C=C3O[C@@]4(C)CC[C@H]5C(C)(C)CCC[C@]5(C)[C@H]4C=C3[C@@H]2O1,59000.0,inactive
CHEMBL103600,COc1ccc(C[C@@H](C)[C@@H](C)Cc2ccc(OC)c(O)c2)cc1O,580.0,active
CHEMBL442427,CC1=CCCC(C)(C)C1CC/C(C)=C/CCC(CO)CCCc1ccoc1,17000.0,inactive
CHEMBL455880,C[C@@]12CCC(=O)c3coc(c31)C(=O)c1cc3c(O)ccc(OS(=O)(=O)[O-])c3cc12.[Na+],200000.0,inactive
CHEMBL230058,CC1=CC[C@H]2C(C)(C)CCC[C@]2(C)[C@H]1C[C@@H](O)[C@H](C)CCC/C(C)=C/Cc1cc(O)ccc1O,500.0,active
CHEMBL387584,CC1=CC[C@H]2C(C)(C)CCC[C@]2(C)[C@H]1C[C@@H](OS(=O)(=O)[O-])[C@H](C)CCC/C(C)=C/Cc1cc(O)ccc1O.[Na+],900.0,active
CHEMBL457171,CC1(C)CCC[C@@]2(C)C3=C(CC[C@H]12)C/C(=C\Cc1cc(C(=O)O)ccc1O)CC3,14500.0,inactive
CHEMBL180947,CC(C)=CCC[C@@]1(C)CCC[C@]2(C)[C@@H](Cc3cc(C(=O)O)ccc3O)C(C)=CC[C@@H]12,1400.0,intermediate
CHEMBL425166,CC1=C(CC/C(C)=C/CC/C(C)=C/Cc2cc(O)ccc2O)C(C)(C)CCC1,300.0,active
CHEMBL463806,COc1cc2c(cc1O)O[C@@]1(C)CC[C@H]3C(C)(C)CCC[C@]3(C)C1=C2,1000.0,active
CHEMBL459185,COc1cc2c(cc1O)O[C@@]1(C)CC[C@H]3C(C)(C)CCC[C@]3(C)[C@H]1[C@@H]2OC,7200.0,intermediate
CHEMBL463805,COC1=CC2=C[C@@H]3[C@@]4(C)CCCC(C)(C)[C@@H]4CC[C@]3(C)OC2=CC1=O,1700.0,intermediate
CHEMBL465616,CC1(C)CCC[C@]2(C)[C@H]3C=C4C(=CC(=O)C(O)=C4Cl)O[C@@]3(C)CC[C@@H]12,830.0,active
CHEMBL157844,CC1(C)CCC[C@]2(C)[C@H]3C=C4C=C(O)C(=O)C=C4O[C@@]3(C)CC[C@@H]12,760.0,active
CHEMBL505073,CN1C(N)=N[C@]23CCCN2C(=O)c2cc(Br)c(Br)n2[C@H]13,48000.0,inactive
CHEMBL1163875,CC1(C)CCC[C@]2(C)C3=CC4=CC(=O)C(=O)C=C4O[C@@]3(C)CC[C@@H]12,7000.0,intermediate
CHEMBL1164369,CC(C)=CCC[C@@]1(C)CCC[C@]2(C)[C@H](Cc3cc(C(=O)O)ccc3O)C(C)=CC[C@@H]12,16000.0,inactive
CHEMBL1164975,C[C@@H](c1cc2ccccc2s1)N(O)C(N)=O,,intermediate
CHEMBL1165577,CC1(C)CCC[C@]2(C)[C@H]3C=C4C(=CC(=O)[C@@H]4O)O[C@@]3(C)CC[C@@H]12,150000.0,inactive
CHEMBL1165243,CC1(C)CCC[C@]2(C)[C@H]3C(=O)c4c(cccc4C(=O)O)O[C@@]3(C)CC[C@@H]12,150000.0,inactive
CHEMBL1270217,O=C(OCC#CCSc1nnc(-c2cccc3ccccc23)o1)c1cccs1,19.0,active
CHEMBL1270312,O=C(OCC#CCSc1nnc(-c2cccc3ccccc23)o1)c1ccsc1,10.0,active
CHEMBL1270810,O=C(OCC#CCSc1nnc(-c2cccc3ccccc23)o1)c1cc2ccccc2s1,10.0,active
CHEMBL1271011,O=C(OCC#CCSc1nnc(-c2cccc3ccccc23)o1)c1ccccc1,10.0,active
CHEMBL1271116,O=C(OCC#CCSc1nnc(-c2cccc3ccccc23)o1)c1cccc(F)c1,10.0,active
CHEMBL1271220,O=C(OCC#CCSc1nnc(-c2cccc3ccccc23)o1)c1ccc(F)c(F)c1,10.0,active
CHEMBL1270113,O=C(OCC#CCSc1nnc(-c2cccc3ccccc23)o1)c1ccc(OC(F)(F)F)cc1,10.0,active
CHEMBL1270220,O=C(OCC#CCSc1nnc(-c2cccc3ccccc23)o1)c1ccc(C(F)(F)F)cc1,10.0,active
CHEMBL1270314,O=C(OCC#CCSc1nnc(-c2ccc3ccccc3c2)o1)c1ccc(F)cc1,10.0,active
CHEMBL1270608,O=C(OCC#CCSc1nnc(-c2ccc(Cl)cc2)o1)c1ccc(F)cc1,10.0,active
CHEMBL1289558,CC[C@](O)(c1cn(Cc2ccc3c(-c4ccc(F)cc4)c(C(N)=O)sc3c2)nn1)C(F)(F)F,20000.0,inactive
CHEMBL1796851,CCN([C@@H]1CCN(C(C)c2ccc(F)cc2)C1)S(=O)(=O)NCCc1c(-c2cccs2)n[nH]c1-c1cnccn1,51.0,active
CHEMBL1200596,Oc1c(Cl)cc(Cl)c2cccnc12,2400.0,intermediate
CHEMBL1369893,CCC(=O)NC(c1cccs1)c1cc([N+](=O)[O-])c2cccnc2c1O,25000.0,inactive
CHEMBL528045,CC(=O)NC(c1cccs1)c1cc(Cl)c2cccnc2c1O,25000.0,inactive
CHEMBL1573436,CC(=O)NC(c1cccs1)c1cc(Br)c2cccnc2c1O,100000.0,inactive
CHEMBL1370513,CCC(=O)NC(c1cccs1)c1ccc2cccnc2c1O,50000.0,inactive
CHEMBL580727,CCC(=O)NC(c1ccco1)c1cc(Cl)c2cccnc2c1O,50000.0,inactive
CHEMBL1405150,CCC(=O)NC(c1cccs1)c1cc(Cl)c2cccnc2c1O,50000.0,inactive
CHEMBL1830338,CC(C)(C)c1ccc(CN2CCN(C(=O)CCc3cc(-c4ccc(F)cc4)n(-c4ccc(Cl)nn4)n3)CC2)cc1,10000.0,inactive
CHEMBL1830459,CCOC(=O)C1CCN(C(=O)CCc2cc(-c3ccc(C(F)(F)F)cc3)n(-c3ccc(Cl)nn3)n2)CC1,10000.0,inactive
CHEMBL1830468,Cc1ccc(-c2cc(CCC(=O)N3CCN(Cc4ccc(C(C)(C)C)cc4)CC3)nn2-c2ccccc2)cc1,10000.0,inactive
CHEMBL1830471,Cc1ccc(-c2cc(CCC(=O)N3CCN(Cc4ccc(C(C)(C)C)cc4)CC3)nn2-c2ccc3ccccc3n2)cc1,10000.0,inactive
CHEMBL1830477,CCOC(=O)C1CCN(C(=O)CCc2cc(-c3ccc(C)cc3)n(-c3ccccc3)n2)CC1,10000.0,inactive
CHEMBL1830478,Cc1ccc(-c2cc(CCC(=O)Oc3ccc(C(C)C)cc3)nn2-c2ccccc2)cc1,10000.0,inactive
CHEMBL1830479,CCOC(=O)C1CCN(C(=O)CCc2cc(-c3ccc(C)cc3)n(-c3ccc4ccccc4n3)n2)CC1,10000.0,inactive
CHEMBL1830480,Cc1ccc(-c2cc(CCC(=O)Oc3ccc(C(C)C)cc3)nn2-c2ccc3ccccc3n2)cc1,10000.0,inactive
CHEMBL2086412,CC(C)=CCC/C(C)=C/COc1cc2ccccc2oc1=O,100000.0,inactive
CHEMBL2088230,CC(C)=CCC/C(C)=C/COc1cc(=O)oc2ccccc12,42600.0,inactive
CHEMBL2088231,CC(C)=CCC/C(C)=C/COc1cccc2oc(=O)ccc12,12800.0,inactive
CHEMBL2088232,CC(C)=CCC/C(C)=C/COc1ccc2oc(=O)ccc2c1,6800.0,intermediate
CHEMBL307341,CC(C)=CCC/C(C)=C/COc1ccc2ccc(=O)oc2c1,23900.0,inactive
CHEMBL2088233,CC(C)=CCC/C(C)=C/COc1cccc2ccc(=O)oc12,39500.0,inactive
CHEMBL1834532,CC(C)=CCC/C(C)=C/CC/C(C)=C/COc1cc2ccccc2oc1=O,50000.0,inactive
CHEMBL177085,CC(C)=CCC/C(C)=C/CC/C(C)=C/COc1cc(=O)oc2ccccc12,28800.0,inactive
CHEMBL2088234,CC(C)=CCC/C(C)=C/CC/C(C)=C/COc1cccc2oc(=O)ccc12,3600.0,intermediate
CHEMBL2088235,CC(C)=CCC/C(C)=C/CC/C(C)=C/COc1ccc2oc(=O)ccc2c1,1300.0,intermediate
CHEMBL156127,CC(C)=CCC/C(C)=C/CC/C(C)=C/COc1ccc2ccc(=O)oc2c1,16700.0,inactive
CHEMBL2088236,CC(C)=CCC/C(C)=C/CC/C(C)=C/COc1cccc2ccc(=O)oc12,15600.0,inactive
CHEMBL2088237,CC(C)=CCC/C(C)=C/CC/C(C)=C/COc1ccccc1,50000.0,inactive
CHEMBL3109726,O=C(Cc1ccc2ccccc2c1)c1ccc(O)cc1O,10000.0,inactive
CHEMBL3109724,Oc1ccc(-c2cccc3c2Sc2ccccc2S3)c(O)c1,10000.0,inactive
CHEMBL443605,CCCCCCc1ccc(O)cc1O,10000.0,inactive
CHEMBL3109722,Oc1ccc(Cc2ccc3ccccc3c2)c(O)c1,10000.0,inactive
CHEMBL501426,Oc1ccc(-c2ccccc2)c(O)c1,10000.0,inactive
CHEMBL3109718,CCCCCCC1=CC(=O)C(O)=CC1=O,10000.0,inactive
CHEMBL1668217,O=C1C=C(Cc2ccc3ccccc3c2)C(=O)C=C1O,10000.0,inactive
CHEMBL3109730,O=C1C=C(O)C(=O)C(CC2CCC3CCCCC3C2)=C1O,10000.0,inactive
CHEMBL1596118,COc1cccc(CNc2ccc(S(=O)(=O)Nc3nccs3)cc2)c1O,50000.0,inactive
CHEMBL3113201,O=S(=O)(Nc1nc2ccccc2s1)c1ccc(NCc2cccc(Cl)c2O)cc1,1300.0,intermediate
CHEMBL3113198,COc1cccc(CNc2ccc(S(=O)(=O)Nc3nc4ccc(F)cc4s3)cc2)c1O,4500.0,intermediate
CHEMBL3113197,COc1cccc(CNc2ccc(S(=O)(=O)Nc3cccc(C(C)C)c3)cc2)c1O,100000.0,inactive
CHEMBL3113192,COc1ccc2nc(NS(=O)(=O)c3ccc(NCc4cccc(OC)c4O)cc3)sc2c1,5100.0,intermediate
CHEMBL3113178,COc1cccc(CNc2ccc(S(=O)(=O)Nc3ccccc3)cc2)c1O,7600.0,intermediate
CHEMBL3113169,COc1cccc(CNc2ccc(S(=O)(=O)Nc3nc4c(C)cccc4s3)cc2)c1O,690.0,active
CHEMBL3113167,COc1cccc(CNc2ccc(S(=O)(=O)Nc3nc4ccccc4[nH]3)cc2)c1O,70000.0,inactive
CHEMBL3113166,COc1cccc(CNc2ccc(S(=O)(=O)Nc3nc4ccccc4o3)cc2)c1O,100000.0,inactive
CHEMBL3113165,COc1cccc(CNc2ccc(S(=O)(=O)Nc3nc4ccccc4s3)cc2)c1O,9700.0,intermediate
CHEMBL1548353,CNc1oc(-c2cccc3ccccc23)nc1C#N,200.0,active
CHEMBL3262905,CNc1oc(-c2cccc3ncccc23)nc1C#N,3600.0,intermediate
CHEMBL3262906,CNc1oc(-c2ccc3cnccc3c2)nc1C#N,730.0,active
CHEMBL3262907,CNc1oc(-c2cccc3nccnc23)nc1C#N,40000.0,inactive
CHEMBL3262908,CNc1oc(-c2cccc(Cl)c2Cl)nc1C#N,460.0,active
CHEMBL3262909,CNc1oc(-c2ccc(Cl)c(Cl)c2)nc1C#N,810.0,active
CHEMBL3262910,CNc1oc(-c2ccc3c(c2)OCCO3)nc1C#N,40000.0,inactive
CHEMBL3262911,CNc1oc(-c2ccc3c(c2)OCO3)nc1C#N,7600.0,intermediate
CHEMBL3262912,CNc1oc(-c2ccc(-c3ccccc3)cc2)nc1C#N,40000.0,inactive
CHEMBL3262913,CNc1oc(-c2ccccc2-c2ccccc2)nc1C#N,23000.0,inactive
CHEMBL3262914,CNc1oc(-c2ccc3cc[nH]c3c2)nc1C#N,40000.0,inactive
CHEMBL3262915,CNc1oc(-c2c[nH]c3ccccc23)nc1C#N,3900.0,intermediate
CHEMBL1547372,CNc1oc(-c2ccc(Cl)cc2)nc1C#N,25000.0,inactive
CHEMBL3262916,CNc1oc(-c2cccc(Cl)c2)nc1C#N,6300.0,intermediate
CHEMBL3262917,CNc1oc(-c2ccc(F)cc2)nc1C#N,15000.0,inactive
CHEMBL3262918,CNc1oc(C2CCCC2)nc1C#N,50000.0,inactive
CHEMBL1551303,N#Cc1nc(-c2cccc3ccccc23)oc1N,25000.0,inactive
CHEMBL1571456,CCNc1oc(-c2cccc3ccccc23)nc1C#N,120.0,active
CHEMBL1498973,CCCNc1oc(-c2cccc3ccccc23)nc1C#N,100.0,active
CHEMBL3262919,CCCCNc1oc(-c2cccc3ccccc23)nc1C#N,120.0,active
CHEMBL3262920,CCCCCNc1oc(-c2cccc3ccccc23)nc1C#N,300.0,active
CHEMBL1588672,C=CCNc1oc(-c2cccc3ccccc23)nc1C#N,3000.0,intermediate
CHEMBL1605218,CC(C)Nc1oc(-c2cccc3ccccc23)nc1C#N,40000.0,inactive
CHEMBL1520057,CC(=O)Nc1oc(-c2cccc3ccccc23)nc1C#N,10000.0,inactive
CHEMBL3262923,N#Cc1nc(-c2cccc3ccccc23)oc1NC1COC1,25000.0,inactive
CHEMBL3262924,N#Cc1nc(-c2cccc3ccccc23)oc1NC1CNC1,40000.0,inactive
CHEMBL3262925,CNc1sc(-c2cccc3ccccc23)nc1C#N,550.0,active
CHEMBL3262926,CNc1ncc(-c2cccc3ccccc23)o1,40000.0,inactive
CHEMBL3259851,CNc1nc(C#N)c(-c2cccc3ccccc23)o1,40000.0,inactive
CHEMBL3262927,CNc1nnc(-c2cccc3ccccc23)o1,5400.0,intermediate
CHEMBL3262928,CNc1nnc(-c2cccc3ccccc23)s1,40000.0,inactive
CHEMBL3262929,CNc1oc(-c2cccc3ccccc23)nc1C(=O)OC,40000.0,inactive
CHEMBL3262931,CNc1nc(-c2cccc3ccccc23)ccc1C#N,40000.0,inactive
CHEMBL3262932,CNc1nccc(-c2cccc3ccccc23)n1,40000.0,inactive
CHEMBL3262903,CNc1oc(-c2ccc3ccccc3c2)nc1C#N,30000.0,inactive
CHEMBL3262904,CNc1oc(-c2cccc3cnccc23)nc1C#N,30000.0,inactive
CHEMBL3186736,CN(C)c1oc(-c2cccc3ccccc23)nc1C#N,30000.0,inactive
CHEMBL3262921,N#Cc1nc(-c2cccc3ccccc23)oc1NCc1ccccc1,30000.0,inactive
CHEMBL3262922,N#Cc1nc(-c2cccc3ccccc23)oc1Nc1ccccc1,30000.0,inactive
CHEMBL3262930,CNc1sc(-c2cccc3ccccc23)nc1C(=O)OC,30000.0,inactive
CHEMBL3260691,CCOC(=O)c1c(CSc2c(C)cc(C)cc2C)n(C)c2ccc(O)cc12,8200.0,intermediate
CHEMBL3290441,COc1cc(/C=C/c2cc(/C=C/c3cc(CC=C(C)C)c(O)c(OC)c3)[nH]n2)cc(CC=C(C)C)c1O,13.0,active
CHEMBL116438,COc1cc(/C=C/C(=O)/C=C(O)/C=C/c2ccc(O)c(OC)c2)ccc1O,1200.0,intermediate
CHEMBL3353725,COc1ccc(Cc2sc(-c3ccc(Cl)cc3)nc2O)cc1,10000.0,inactive
CHEMBL418941,CCCCCC(=O)/C=C/C=C\C/C=C\C/C=C\CCCC(=O)O,25000.0,inactive
CHEMBL1378466,CCCCCC(=O)/C=C/C=C\CCCCCCCC(=O)O,100000.0,inactive
CHEMBL3310737,CCCCC/C=C\CC(=O)/C=C/C=C\C/C=C\CCCC(=O)O,3000.0,intermediate
CHEMBL18028,CCCCC/C=C\C/C=C\C/C=C\C=C\C(=O)CCCC(=O)O,25000.0,inactive
CHEMBL3597760,O=C(Nc1ccccc1Cl)c1ccn(C(=O)c2cccc(Cl)c2)n1,,intermediate
CHEMBL3597761,O=C(Nc1ccc(F)cc1Cl)c1ccn(C(=O)Cc2ccccc2)n1,,intermediate
CHEMBL3597762,CC(=O)n1ccc(C(=O)Nc2ccc(Cl)c(Cl)c2)n1,428.0,active
CHEMBL3597763,O=C(Nc1ccccc1Cl)c1ccn(C(=O)Oc2ccc(Cl)cc2)n1,,intermediate
CHEMBL3597764,O=C(Nc1ccc(F)cc1Cl)c1ccn(C(=O)Nc2ccc3c(c2)OCO3)n1,109.0,active
CHEMBL3597765,CCCCCNC(=O)n1ccc(C(=O)Nc2ccc(F)cc2Cl)n1,130.0,active
CHEMBL3597766,CCOC(=O)CCCCCNC(=O)n1ccc(C(=O)Nc2ccc(F)cc2Cl)n1,250.0,active
CHEMBL3597767,CN(C)C(=O)n1ccc(C(=O)Nc2ccccc2Cl)n1,,intermediate
CHEMBL3597768,O=C(Nc1ccc(F)cc1Cl)c1ccn(C(=S)Nc2ccc3c(c2)OCO3)n1,,intermediate
CHEMBL3597769,O=C(Nc1ccc(F)cc1Cl)c1ccn(S(=O)(=O)c2cccc(C(F)(F)F)c2)n1,1944.0,intermediate
CHEMBL3597770,CN(C)S(=O)(=O)n1ccc(C(=O)Nc2ccc(F)cc2Cl)n1,,intermediate
CHEMBL3597771,O=C(Nc1ccccc1Cl)c1ccn(Cc2ccccc2)n1,,intermediate
CHEMBL3597772,Cn1cc(Cl)c(C(=O)Nc2ccc(F)cc2Cl)n1,,intermediate
CHEMBL3597773,CCCCCCNC(=O)n1cc(C)c(C(=O)Nc2cccc3c2OC(F)(F)O3)n1,,intermediate
CHEMBL3597774,CCCCCCNC(=O)n1cc(CCCC)c(C(=O)Nc2ccc(F)cc2Cl)n1,,intermediate
CHEMBL3597775,CCCCCCNC(=O)n1nc(C(=O)Nc2ccc(F)cc2Cl)cc1C,395.0,active
CHEMBL3597776,CCCCNC(=O)n1ccc(C(=O)Nc2ccccc2Cl)n1,,intermediate
CHEMBL3604185,Clc1ccc2nc(-c3n[nH]c(Cl)c3Cl)oc2c1,2.0,active
CHEMBL3604151,O=C(Nc1ccc(F)cc1Cl)c1n[nH]cc1Cl,85.0,active
CHEMBL3604152,O=C(Nc1ccc(F)cc1Cl)c1cc(Cl)[nH]n1,71.0,active
CHEMBL3604153,O=C(Nc1ccc(F)cc1Cl)c1n[nH]c(Cl)c1Cl,32.0,active
CHEMBL3604137,O=C(Nc1ccc(F)cn1)c1cc[nH]n1,550.0,active
CHEMBL3604140,O=C(Nc1ccc2ccccc2n1)c1cc[nH]n1,334.0,active
CHEMBL3604174,O=C(Nc1ccc(Cl)cc1Cl)c1cn[nH]n1,99.0,active
CHEMBL445420,O=C(Nc1ccccc1)c1cc[nH]n1,47.0,active
CHEMBL3116433,O=C(Nc1cccnc1)c1ccn[nH]1,,intermediate
CHEMBL3604136,O=C(Nc1ccncc1)c1cc[nH]n1,,intermediate
CHEMBL3604138,O=C(Nc1ccc(Cl)cn1)c1cc[nH]n1,26.0,active
CHEMBL3604139,O=C(Nc1ncc(Cl)s1)c1cc[nH]n1,384.0,active
CHEMBL3604141,O=C(Nc1cnc2ccccc2c1)c1cc[nH]n1,180.0,active
CHEMBL3604142,O=C(Nc1ccc2ncccc2c1)c1cc[nH]n1,970.0,active
CHEMBL3604143,O=C(Nc1cc2ccccc2cn1)c1cc[nH]n1,843.0,active
CHEMBL3604144,CN(C(=O)c1cc[nH]n1)c1ccccc1Cl,,intermediate
CHEMBL3604129,O=C(NCc1ccccc1)c1cc[nH]n1,,intermediate
CHEMBL3604130,O=C(Nc1ccc(F)cc1)c1cc[nH]n1,,intermediate
CHEMBL1587607,O=C(Nc1ccccc1Cl)c1cc[nH]n1,645.0,active
CHEMBL3604131,O=C(Nc1ccc(Cl)c(Cl)c1)c1cc[nH]n1,180.0,active
CHEMBL3604132,O=C(Nc1ccc(F)cc1Cl)c1cc[nH]n1,81.0,active
CHEMBL3604133,O=C(Nc1ccc(C(F)(F)F)cc1)c1cc[nH]n1,448.0,active
CHEMBL3604134,O=C(Nc1ccc(F)cc1C(F)(F)F)c1cc[nH]n1,168.0,active
CHEMBL3604135,O=C(Nc1ccccn1)c1cc[nH]n1,1207.0,intermediate
CHEMBL3604154,O=C(Nc1ccc(F)cc1Cl)c1n[nH]cc1F,,intermediate
CHEMBL3604155,O=C(Nc1ccc(F)cc1Cl)c1n[nH]cc1Br,290.0,active
CHEMBL3604156,O=C(Nc1ccc(F)cc1Cl)c1n[nH]c(Cl)c1Br,1.0,active
CHEMBL3604157,O=C(Nc1ccc(F)cc1Cl)c1n[nH]cc1I,184.0,active
CHEMBL3604158,O=C(Nc1ccc(F)cc1Cl)c1cc(I)[nH]n1,150.0,active
CHEMBL3604159,O=C(Nc1ccc(F)cc1Cl)c1n[nH]cc1C(F)(F)F,,intermediate
CHEMBL3604160,O=C(Nc1ccc(F)cc1Cl)c1cc(C(F)(F)F)[nH]n1,1000.0,active
CHEMBL3604161,O=C(Nc1ccc(F)cc1Cl)c1n[nH]c(C(F)(F)F)c1C(F)(F)F,,intermediate
CHEMBL3604162,O=C(Nc1ccc(F)cc1Cl)c1n[nH]c(C(F)(F)F)c1Cl,,intermediate
CHEMBL3604145,Cc1c(C(=O)Nc2ccc(F)cc2Cl)n[nH]c1[Si](C)(C)C,672.0,active
CHEMBL3604163,O=C(Nc1ccc(F)cc1Cl)c1cc(C(F)F)[nH]n1,,intermediate
CHEMBL3604164,O=C(Nc1ccc(F)cc1Cl)c1n[nH]c(C(F)F)c1Cl,,intermediate
CHEMBL3603844,O=C(Nc1ccc(F)cc1Cl)c1n[nH]cc1[N+](=O)[O-],5900.0,intermediate
CHEMBL3604165,O=C(Nc1ccc(F)cc1Cl)c1cc([N+](=O)[O-])[nH]n1,,intermediate
CHEMBL3604166,Nc1c[nH]nc1C(=O)Nc1ccc(F)cc1Cl,641.0,active
CHEMBL3604167,Nc1cc(C(=O)Nc2ccc(F)cc2Cl)n[nH]1,5980.0,intermediate
CHEMBL3604168,CS(=O)(=O)Nc1c[nH]nc1C(=O)Nc1ccc(F)cc1Cl,,intermediate
CHEMBL3604169,CS(=O)(=O)Nc1cc(C(=O)Nc2ccc(F)cc2Cl)n[nH]1,,intermediate
CHEMBL3604146,Cc1c[nH]nc1C(=O)Nc1ccc(F)cc1Cl,453.0,active
CHEMBL3604147,Cc1cc(C(=O)Nc2ccc(F)cc2Cl)n[nH]1,376.0,active
CHEMBL3604148,CCCCc1c[nH]nc1C(=O)Nc1ccc(F)cc1Cl,,intermediate
CHEMBL3604149,CC(C)(C)c1cc(C(=O)Nc2ccc(F)cc2Cl)n[nH]1,,intermediate
CHEMBL3604150,O=C(Nc1ccc(F)cc1Cl)c1n[nH]cc1-c1ccccc1,,intermediate
CHEMBL3604170,O=C(Nc1ccccc1)c1cn[nH]n1,,intermediate
CHEMBL3604171,O=C(Nc1ccc(F)cc1)c1cn[nH]n1,947.0,active
CHEMBL3604172,O=C(Nc1ccccc1Cl)c1cn[nH]n1,6976.0,intermediate
CHEMBL3604173,O=C(Nc1ccc(F)cc1Cl)c1cn[nH]n1,571.0,active
CHEMBL3604175,O=C(Nc1cc(Cl)ccc1Cl)c1cn[nH]n1,22530.0,inactive
CHEMBL3604176,O=C(Nc1ccc(F)cn1)c1cn[nH]n1,3965.0,intermediate
CHEMBL3604177,O=C(Nc1cnc2ccccc2c1)c1cn[nH]n1,1400.0,intermediate
CHEMBL3604178,O=C(Nc1cnc2cc(F)ccc2c1)c1cn[nH]n1,,intermediate
CHEMBL3604179,c1ccc2oc(-c3cc[nH]n3)nc2c1,3273.0,intermediate
CHEMBL3604180,Clc1ccc2nc(-c3cc[nH]n3)oc2c1,20.0,active
CHEMBL3604181,Clc1ccc2oc(-c3cc[nH]n3)nc2c1,443.0,active
CHEMBL3604182,Fc1ccc2nc(-c3cc[nH]n3)oc2c1,,intermediate
CHEMBL3604183,Fc1ccc2oc(-c3cc[nH]n3)nc2c1,,intermediate
CHEMBL3604184,Clc1ccc2nc(-c3cc(Cl)[nH]n3)oc2c1,4.0,active
CHEMBL3622747,c1ccn2cccc2c1,25000.0,inactive
CHEMBL3622732,CCOC(=O)c1[nH]c2cc(Cl)ccc2c1C(C)=O,2310.0,intermediate
CHEMBL3622733,CCOC(=O)c1[nH]c2cc(Cl)ccc2c1C(=O)CC,1780.0,intermediate
CHEMBL3622734,CCCC(=O)c1c(C(=O)OCC)[nH]c2cc(Cl)ccc12,730.0,active
CHEMBL3622735,CCOC(=O)c1[nH]c2cc(Cl)ccc2c1C(=O)C[C@@H](C)CCCC(C)C,90.0,active
CHEMBL3622736,CCOC(=O)c1[nH]c2cc(Cl)ccc2c1C(=O)C[C@H](C)CCCC(C)C,300.0,active
CHEMBL3622737,CCCCCCCCCCCC(=O)c1c(C(=O)OCC)[nH]c2cc(Cl)ccc12,430.0,active
CHEMBL3622738,CCCCCCCCCC(=O)c1c(C(=O)OCC)[nH]c2cc(Cl)ccc12,200.0,active
CHEMBL3622739,CCCCCCCC(=O)c1c(C(=O)OCC)[nH]c2cc(Cl)ccc12,270.0,active
CHEMBL3622740,CCCCCC(=O)c1c(C(=O)OCC)[nH]c2cc(Cl)ccc12,540.0,active
CHEMBL3622741,CCOC(=O)c1[nH]c2cc(Cl)ccc2c1C(=O)Cc1ccccc1,600.0,active
CHEMBL3622742,CCOC(=O)c1[nH]c2cc(Cl)ccc2c1C(=O)Cc1ccc(C)cc1,2080.0,intermediate
CHEMBL3622743,CCOC(=O)c1[nH]c2cc(Cl)ccc2c1C(=O)Cc1ccc(Cl)cc1,1190.0,intermediate
CHEMBL3622744,CCOC(=O)c1[nH]c2cc(Cl)ccc2c1C(=O)Cc1ccc(F)cc1,770.0,active
CHEMBL3622745,CCOC(=O)c1[nH]c2cc(Cl)ccc2c1C(=O)CCc1ccccc1,560.0,active
CHEMBL3622748,CCOC(=O)c1cc2ccc(Cl)cc2[nH]1,2000.0,intermediate
CHEMBL3622749,CCOC(=O)c1[nH]c2cc(Cl)ccc2c1C=O,3000.0,intermediate
CHEMBL1344000,Oc1ccc(Br)cc1-c1cc(-c2ccccc2)[nH]n1,50000.0,inactive
CHEMBL1546898,Oc1ccc(Br)cc1-c1cc(-c2ccccc2Cl)[nH]n1,50000.0,inactive
CHEMBL1442717,Oc1ccc(Cl)cc1-c1cc(-c2ccccc2Cl)[nH]n1,50000.0,inactive
CHEMBL503606,Oc1ccccc1-c1cc[nH]n1,50000.0,inactive
CHEMBL375966,c1ccc(-c2cc(-c3ccccc3)[nH]n2)cc1,50000.0,inactive
CHEMBL584668,COc1ccc(-c2cc(-c3ccc(C)cc3)[nH]n2)c(O)c1,50000.0,inactive
CHEMBL1328952,Cc1ccc(-c2cc(-c3ccc(C)cc3O)[nH]n2)cc1,50000.0,inactive
CHEMBL1367313,Cc1ccc(-c2cc(-c3cccc(F)c3)[nH]n2)c(O)c1,18000.0,inactive
CHEMBL1510116,Cc1ccc(-c2cc(-c3ccc(F)cc3)[nH]n2)c(O)c1,11000.0,inactive
CHEMBL1520849,Cc1ccc(-c2cc(-c3ccccc3Cl)[nH]n2)c(O)c1,17000.0,inactive
CHEMBL1463825,Cc1ccc(-c2cc(-c3ccccc3C)[nH]n2)c(O)c1,10000.0,inactive
CHEMBL1370300,COc1ccc(O)c(-c2cc(-c3ccc(F)cc3)[nH]n2)c1,11000.0,inactive
CHEMBL209699,COc1ccc(O)c(-c2cc(-c3ccccc3Cl)[nH]n2)c1,6600.0,intermediate
CHEMBL1370387,COc1ccc(O)c(-c2cc(-c3cccc(Br)c3)[nH]n2)c1,7000.0,intermediate
CHEMBL1540577,COc1ccc(-c2cc(-c3cc(OC)ccc3O)[nH]n2)cc1,6000.0,intermediate
CHEMBL1718182,Oc1ccccc1-c1cc(-c2ccccc2)[nH]n1,20000.0,inactive
CHEMBL1353771,Oc1ccccc1-c1cc(-c2ccco2)[nH]n1,7000.0,intermediate
CHEMBL1372333,COc1ccc(-c2cc(-c3ccccc3O)[nH]n2)cc1,10000.0,inactive
CHEMBL1489184,Oc1ccccc1-c1cc(-c2ccccc2Cl)[nH]n1,4000.0,intermediate
CHEMBL1604272,Cc1ccccc1-c1cc(-c2ccccc2O)[nH]n1,7000.0,intermediate
CHEMBL1736078,COc1ccc(C(=O)c2c[nH]nc2-c2cc(C)ccc2O)cc1,50000.0,inactive
CHEMBL1611217,Cc1ccc(O)c(-c2cc(C(=O)NCc3ccccc3)[nH]n2)c1,50000.0,inactive
CHEMBL1448722,Cc1ccc(O)c(-c2cc(-c3cccc(Br)c3)[nH]n2)c1,9100.0,intermediate
CHEMBL1478024,Cc1ccc(O)c(-c2cc(-c3cccc(F)c3)[nH]n2)c1,10000.0,inactive
CHEMBL1488723,Cc1ccc(O)c(-c2cc(-c3ccccc3C)[nH]n2)c1,3400.0,intermediate
CHEMBL180917,c1ccc2c(c1)SCc1c-2[nH]c2ccccc12,810.0,active
CHEMBL3964779,CCCCNC(=O)c1cc(-c2ccccc2)sc1NC(=O)CCC,19000.0,inactive
CHEMBL3934739,CCCCNC(=O)c1cc(-c2ccccc2)sc1NC(C)=O,19800.0,inactive
CHEMBL3962223,CCCCNC(=O)c1c(N)sc(-c2ccccc2)c1CCCC,50000.0,inactive
CHEMBL3902172,CCCCNC(=O)c1c(N)sc(-c2ccc(Cl)cc2)c1CCCC,50000.0,inactive
CHEMBL3935807,CCCCNC(=O)c1c(N)sc(-c2ccccc2)c1C,50000.0,inactive
CHEMBL3916837,CCCCNC(=O)c1cc(Cc2ccccc2)sc1N,50000.0,inactive
CHEMBL3944748,CCCCNC(=O)c1cc(-c2ccc(Br)cc2)sc1N,50000.0,inactive
CHEMBL3980129,CCCCNC(=O)c1cc(-c2ccc(Cl)cc2)sc1N,50000.0,inactive
CHEMBL3951202,C=CCCCCCCCc1cc(C(=O)NCCCC)c(N)s1,15200.0,inactive
CHEMBL3952264,CCCCNC(=O)c1cc(C(C)CCC=C(C)C)sc1N,25900.0,inactive
CHEMBL3924575,CCCCCc1cc(C(=O)NCCCC)c(N)s1,50000.0,inactive
CHEMBL3960955,CCCCNC(=O)c1cc(CCC)sc1N,50000.0,inactive
CHEMBL3933498,CCCCNC(=O)c1cc(CC)sc1N,50000.0,inactive
CHEMBL3934572,CCCCNC(=O)c1cc(C)sc1N,50000.0,inactive
CHEMBL3906604,CCCCN(CCCC)C(=O)c1cc(-c2ccccc2)sc1N,50000.0,inactive
CHEMBL3943550,Nc1sc(-c2ccccc2)cc1C(=O)NCCCCc1ccccc1,50000.0,inactive
CHEMBL3915588,CCCCCCCCCCCCNC(=O)c1cc(-c2ccccc2)sc1N,47300.0,inactive
CHEMBL3951677,CCCCCCCCNC(=O)c1cc(-c2ccccc2)sc1N,41500.0,inactive
CHEMBL3980563,CCCCCNC(=O)c1cc(-c2ccccc2)sc1N,17900.0,inactive
CHEMBL2360534,CCCCNC(=O)c1cc(-c2ccccc2)sc1N,12400.0,inactive
CHEMBL2356181,C#CCNC(=O)c1cc(-c2ccccc2)sc1N,18600.0,inactive
CHEMBL2131121,C=CCNC(=O)c1cc(-c2ccccc2)sc1N,20600.0,inactive
CHEMBL3925842,CCCCCCCC(=O)Nc1sc(-c2ccccc2)cc1C(=O)NCCCC,28200.0,inactive
CHEMBL3908688,CCCCn1c(=O)[nH]c2sc(-c3ccccc3)cc2c1=O,50000.0,inactive
CHEMBL2130539,COCCNC(=O)c1cc(-c2ccccc2)sc1N,29800.0,inactive
CHEMBL2144693,Cc1[nH]c2ccccc2c1C(=O)c1cc(Cc2ccccc2)sc1N,24600.0,inactive
CHEMBL151,O=c1cc(-c2ccc(O)c(O)c2)oc2cc(O)cc(O)c12,5000.0,intermediate
CHEMBL395428,CC1(C)CC[C@]2(C)CC[C@]3(C)C(=CC[C@@H]4[C@@]5(C)CC[C@@H](O)[C@](C)(C(=O)O)[C@@H]5CC[C@]43C)[C@@H]2C1,1000.0,active
CHEMBL93,CC(c1cc2ccccc2s1)N(O)C(N)=O,400.0,active
CHEMBL319244,O=C(/C=C/c1ccc(O)c(O)c1)OCCc1ccccc1,130.0,active
CHEMBL2359609,Nc1[nH]c(C(=O)c2ccccc2)c(-c2ccc(Cl)cc2Cl)c1C(=O)c1ccc(Cl)c(Cl)c1,12800.0,inactive
CHEMBL4176066,Nc1[nH]c(C(=O)c2ccccc2)c(-c2ccc(Cl)cc2Cl)c1C(=O)c1ccc(Cl)cc1,100000.0,inactive
CHEMBL4171556,Nc1[nH]c(C(=O)c2ccccc2)c(-c2ccc(Cl)cc2Cl)c1C(=O)c1cccc(Cl)c1,6900.0,intermediate
CHEMBL4170726,Nc1[nH]c(C(=O)c2ccccc2)c(-c2ccc(Cl)cc2Cl)c1C(=O)c1cccc(Br)c1,6300.0,intermediate
CHEMBL4162293,Nc1[nH]c(C(=O)c2ccccc2)c(-c2ccc(Cl)cc2Cl)c1C(=O)c1cccc(F)c1,100000.0,inactive
CHEMBL4172644,Cc1cccc(C(=O)c2c(N)[nH]c(C(=O)c3ccccc3)c2-c2ccc(Cl)cc2Cl)c1,100000.0,inactive
CHEMBL4172607,Nc1[nH]c(C(=O)c2ccccc2)c(-c2ccc(Cl)cc2Cl)c1C(=O)c1ccccc1,100000.0,inactive
CHEMBL4164711,Nc1[nH]c(C(=O)c2ccccc2)c(-c2ccc(Cl)cc2Cl)c1C(=O)c1cccs1,100000.0,inactive
CHEMBL4169224,NC(=O)c1c(N)[nH]c(C(=O)c2ccccc2)c1-c1ccc(Cl)cc1Cl,100000.0,inactive
CHEMBL4161295,Nc1[nH]c(C(=O)c2ccccc2)cc1C(=O)c1ccc(Cl)c(Cl)c1,36100.0,inactive
CHEMBL4165793,Nc1[nH]c(C(=O)c2ccccc2)c(-c2cccc3ccccc23)c1C(=O)c1ccc(Cl)c(Cl)c1,100000.0,inactive
CHEMBL4176401,Nc1[nH]c(C(=O)c2ccccc2)c(-c2ccc3ccccc3c2)c1C(=O)c1ccc(Cl)c(Cl)c1,11800.0,inactive
CHEMBL2141695,Nc1[nH]c(C(=O)c2ccccc2)c(-c2c(F)cccc2F)c1C(=O)c1ccc(Cl)c(Cl)c1,100000.0,inactive
CHEMBL4173018,Nc1[nH]c(C(=O)c2ccccc2)cc1C(=O)c1cccc(Cl)c1,41800.0,inactive
CHEMBL4177482,Nc1[nH]c(C(=O)c2ccccc2)c(-c2ccc(-c3ccccc3)cc2)c1C(=O)c1cccc(Cl)c1,100000.0,inactive
CHEMBL4169621,Nc1[nH]c(C(=O)c2ccccc2)c(-c2ccccc2)c1C(=O)c1cccc(Cl)c1,67900.0,inactive
CHEMBL4165794,Nc1[nH]c(C(=O)c2ccccc2)c(-c2ccc(Cl)c(Cl)c2)c1C(=O)c1cccc(Cl)c1,35700.0,inactive
CHEMBL4173713,Nc1[nH]c(C(=O)c2ccccc2)c(-c2ccc(Cl)cc2)c1C(=O)c1cccc(Cl)c1,100000.0,inactive
CHEMBL4162344,Nc1[nH]c(C(=O)c2ccccc2)c(-c2ccccc2Cl)c1C(=O)c1cccc(Cl)c1,100000.0,inactive
CHEMBL4170264,Nc1[nH]c(C(=O)c2ccccc2)c(-c2cccc(Cl)c2)c1C(=O)c1cccc(Cl)c1,100000.0,inactive
CHEMBL4172609,Nc1[nH]c(C(=O)c2ccccc2)c(-c2ccc(F)cc2F)c1C(=O)c1cccc(Cl)c1,44100.0,inactive
CHEMBL4161953,Nc1[nH]c(C(=O)c2ccccc2)c(-c2ccc(O)cc2O)c1C(=O)c1cccc(Cl)c1,8300.0,intermediate
CHEMBL4169225,Cc1ccc(-c2c(C(=O)c3ccccc3)[nH]c(N)c2C(=O)c2cccc(Cl)c2)c(C)c1,39000.0,inactive
CHEMBL4177082,Nc1[nH]c(C(=O)c2ccccc2)c(-c2ccc3c(c2)OCO3)c1C(=O)c1cccc(Cl)c1,100000.0,inactive
CHEMBL4160880,Nc1[nH]c(C(=O)c2ccccc2)c(-c2ccncc2)c1C(=O)c1cccc(Cl)c1,100000.0,inactive
CHEMBL4168816,Nc1[nH]c(C(=O)c2ccccc2)c(-c2cccnc2)c1C(=O)c1cccc(Cl)c1,100000.0,inactive
CHEMBL4164608,COc1ccc(-c2c(C(=O)c3ccccc3)[nH]c(N)c2C(=O)c2cccc(Cl)c2)c(OC)c1,58200.0,inactive
CHEMBL4175237,CCOC(=O)c1ccc[nH]1,100000.0,inactive
CHEMBL4168041,CCOC(=O)c1ccc(N)[nH]1,100000.0,inactive
CHEMBL4160118,Nc1[nH]c(C(=O)c2ccc(Cl)cc2)c(-c2ccc(Cl)cc2Cl)c1C(=O)c1cccc(Cl)c1,13200.0,inactive
CHEMBL4281040,CC(C)/C=C/c1c(O)cc(-c2cc3ccc(O)cc3o2)cc1O,840.0,active
CHEMBL2018876,CC(C)=CCc1c(O)cc(-c2cc3ccc(O)cc3o2)cc1O,1210.0,intermediate
CHEMBL4571678,CCCNC(=O)c1[nH]c2cc(Cl)ccc2c1/C=C/C(=O)NCc1ccccc1OC,20000.0,inactive
CHEMBL4439639,CCNC(=O)c1[nH]c2cc(Cl)ccc2c1/C=C/C(=O)NCc1ccccc1OC,5810.0,intermediate
CHEMBL4458790,CCCNC(=O)c1[nH]c2cc(Cl)ccc2c1C(=O)C[C@@H](C)CCCC(C)C,20000.0,inactive
CHEMBL4548389,CCCNC(=O)c1[nH]c2cc(Cl)ccc2c1C(=O)C[C@H](C)CCCC(C)C,20000.0,inactive
CHEMBL4453739,CCCNC(=O)c1[nH]c2cc(Cl)ccc2c1CN(C)C,20000.0,inactive
CHEMBL4468632,O=C(NC1CC1)c1cc2ccc(Cl)cc2[nH]1,20000.0,inactive
CHEMBL4439929,CC(C)NC(=O)c1cc2ccc(Cl)cc2[nH]1,9820.0,intermediate
CHEMBL4522962,CCCCCNC(=O)c1cc2ccc(Cl)cc2[nH]1,10940.0,inactive
CHEMBL4554463,CCCCNC(=O)c1cc2ccc(Cl)cc2[nH]1,13020.0,inactive
CHEMBL4558587,CCCNC(=O)c1cc2ccc(Cl)cc2[nH]1,4090.0,intermediate
CHEMBL4448637,CCNC(=O)c1cc2ccc(Cl)cc2[nH]1,6880.0,intermediate
CHEMBL4470284,CCOC(=O)c1[nH]c2cc(Cl)ccc2c1/C=C/C(=O)NCCc1ccccc1,20000.0,inactive
CHEMBL4558072,CCOC(=O)c1[nH]c2cc(Cl)ccc2c1/C=C/C(=O)NCCc1ccccc1Cl,1290.0,intermediate
CHEMBL4580232,CCOC(=O)c1[nH]c2cc(Cl)ccc2c1/C=C/C(=O)NCCc1ccc(Cl)cc1Cl,190.0,active
CHEMBL4574657,CCOC(=O)c1[nH]c2cc(Cl)ccc2c1/C=C/C(=O)NCCc1ccccc1OC,270.0,active
CHEMBL4472565,CNC(=O)c1cc2ccc(Cl)cc2[nH]1,9380.0,intermediate
CHEMBL4547876,CCOC(=O)c1[nH]c2cc(Cl)ccc2c1/C=C/C(=O)NCc1cccc(OC)c1,400.0,active
CHEMBL4514408,CCOC(=O)c1[nH]c2cc(Cl)ccc2c1/C=C/C(=O)NCc1ccc(OC)cc1,750.0,active
CHEMBL4443907,CCOC(=O)c1[nH]c2cc(Cl)ccc2c1/C=C/C(=O)NCc1ccccc1,2430.0,intermediate
CHEMBL4560124,CCOC(=O)c1[nH]c2cc(Cl)ccc2c1/C=C/C(=O)NCc1ccccc1OC,190.0,active
CHEMBL4443615,CCCNC(=O)c1c(C(=O)OCC)[nH]c2cc(Cl)ccc12,20000.0,inactive
CHEMBL4441927,CCOC(=O)c1[nH]c2cc(Cl)ccc2c1C(=O)NC[C@H](C)CCCC(C)C,2870.0,intermediate
CHEMBL4442780,CCOC(=O)c1[nH]c2cc(Cl)ccc2c1/C=C/C(=O)NCc1ccc(Cl)cc1Cl,2950.0,intermediate
CHEMBL4469049,CCOC(=O)c1[nH]c2cc(Cl)ccc2c1/C=C/C(=O)NCc1ccccc1Cl,740.0,active
CHEMBL4571752,CCOC(=O)c1[nH]c2cc(Cl)ccc2c1/C=N/NC(=O)CCc1ccccc1,10000.0,inactive
CHEMBL4557621,CCOC(=O)c1[nH]c2cc(Cl)ccc2c1/C=N/NC(=O)Cc1cccc(O)c1,1800.0,intermediate
CHEMBL4474382,CCOC(=O)c1[nH]c2cc(Cl)ccc2c1/C=N/NC(=O)Cc1cccnc1,780.0,active
CHEMBL4560037,CCOC(=O)c1[nH]c2cc(Cl)ccc2c1/C=N/NC(=O)Cc1ccccc1,10000.0,inactive
CHEMBL4558426,CCOC(=O)c1[nH]c2cc(Cl)ccc2c1/C=N/NC(=O)Cc1cccs1,10000.0,inactive
CHEMBL4542427,CCOC(=O)c1[nH]c2cc(Cl)ccc2c1/C=N/NC(=O)CCC(C)C,10000.0,inactive
CHEMBL4460258,CCCCC(=O)N/N=C/c1c(C(=O)OCC)[nH]c2cc(Cl)ccc12,10000.0,inactive
CHEMBL4469652,CCOC(=O)c1[nH]c2cc(Cl)ccc2c1/C=N/NC(=O)CC1CCCC1,10000.0,inactive
CHEMBL4468923,CCOC(=O)c1[nH]c2cc(Cl)ccc2c1/C=N/NC(=O)COc1ccc(Cl)cc1Cl,990.0,active
CHEMBL4568543,CCOC(=O)c1[nH]c2cc(Cl)ccc2c1/C=N/NC(=O)COc1ccc([N+](=O)[O-])cc1,10000.0,inactive
CHEMBL4546737,CCOC(=O)c1[nH]c2cc(Cl)ccc2c1/C=N/NC(=O)Cc1ccc(OC)c(OC)c1,920.0,active
CHEMBL4451326,CCOC(=O)c1[nH]c2cc(Cl)ccc2c1/C=N/NC(=O)COc1ccccc1Cl,230.0,active
CHEMBL4521335,CCOC(=O)c1[nH]c2cc(Cl)ccc2c1/C=N/NC(=O)CSc1nc2ccccc2[nH]1,140.0,active
CHEMBL4441796,CCOC(=O)c1[nH]c2cc(Cl)ccc2c1/C=N/NC(=O)COc1ccc(Cl)cc1,740.0,active
CHEMBL4473320,CCOC(=O)c1[nH]c2cc(Cl)ccc2c1/C=N/NC(=O)C1CCN(C(=O)OC(C)(C)C)CC1,470.0,active
CHEMBL4535315,CCOC(=O)c1[nH]c2cc(Cl)ccc2c1/C=N/NC(=O)[C@H](Cc1ccccc1)NC(=O)OC(C)(C)C,10000.0,inactive
CHEMBL4444502,CCOC(=O)c1[nH]c2cc(Cl)ccc2c1/C=N/NC(=O)COc1cccc2ccccc12,10000.0,inactive
CHEMBL4462572,CCOC(=O)c1[nH]c2cc(Cl)ccc2c1/C=N/NC(=O)c1cc(C(C)(C)C)nn1Cc1cccc(C)c1,4220.0,intermediate
CHEMBL4448487,CCOC(=O)c1[nH]c2cc(Cl)ccc2c1/C=N/NC(=O)CCCOc1ccc(Cl)cc1Cl,10000.0,inactive
CHEMBL4439311,CCOC(=O)c1[nH]c2cc(Cl)ccc2c1/C=N/NC(=O)CNc1cccc([N+](=O)[O-])c1,10000.0,inactive
CHEMBL4590142,CCOC(=O)c1[nH]c2cc(Cl)ccc2c1/C=N/NC(=O)COc1ccccc1,10000.0,inactive
CHEMBL1270704,O=C(OCC#CCSc1nnc(-c2cccc3ccccc23)o1)c1ccc2ccccc2c1,65.0,active
CHEMBL1390514,FC(F)(F)c1ccc(CSc2nccn2-c2ccccc2)cc1,50000.0,inactive
CHEMBL1520238,Brc1ccc(CSc2nccn2-c2ccccc2)cc1,50000.0,inactive
CHEMBL1352020,CCc1ccc(CSc2nccn2-c2ccccc2)cc1,50000.0,inactive
CHEMBL4869861,COc1cccc(CNc2ccc(S(=O)(=O)Nc3nc4c(ccc5ccccc54)s3)cc2)c1O,100000.0,inactive
CHEMBL5089414,CCCCCCCCOC(=O)NS(=O)(=O)Nc1cc(-c2cc3ccccc3[nH]2)ccc1OC,33.0,active
